theme,stakeholder,stakeholder_role,quote or observation,business impact,confidence level,sub-signal,signal backing count (deduplicated),supporting note ids
No single record of an account,Andrea Hunt,Operations Manager,"The audit trail is scattered across email, spreadsheets, and the legacy database, making compliance reviews a nightmare.",Higher handling cost and slower throughput from manual reconciliation and workaround effort.,High,manual workaround dependency,9,SN-008; SN-013; SN-020; SN-021; SN-025; SN-046; SN-072; SN-087; SN-096
No single record of an account,Dr Louis Sinclair,Service Design Lead,We have more accounts in the system than our agents can possibly contact in a reasonable timeframe.,Higher handling cost and slower throughput from manual reconciliation and workaround effort.,High,audit/history reconstruction burden,7,SN-023; SN-027; SN-038; SN-050; SN-066; SN-092; SN-112
No single record of an account,Mr Dale Jackson,Collections Agent,"The old system was designed for half the volume we handle now, and it shows.",Higher handling cost and slower throughput from manual reconciliation and workaround effort.,High,legacy platform constraints,4,SN-016; SN-022; SN-061; SN-086
No single record of an account,Mr Philip Stone,Service Design Lead,A single customer can have five separate records in the system from different entry points.,Higher handling cost and slower throughput from manual reconciliation and workaround effort.,High,record fragmentation,3,SN-010; SN-015; SN-062
Nothing enforces a follow-up,Dr Laura Roberts,Compliance Liaison,The scale of the problem means that even small improvements in efficiency multiply significantly.,Delayed or missed customer contact reduces recovery speed and increases preventable leakage.,High,contact timing and progression visibility gaps,8,SN-024; SN-033; SN-045; SN-049; SN-052; SN-067; SN-075; SN-100
Nothing enforces a follow-up,Priya Nair,Operations Manager,Simple cases that could be resolved in minutes take days because they get stuck in the wrong queue.,Delayed or missed customer contact reduces recovery speed and increases preventable leakage.,High,case sequencing and prioritisation gaps,4,SN-003; SN-029; SN-057; SN-077
Nothing enforces a follow-up,Lawrence Bennett,Finance Analyst,We have cases sitting in 'awaiting callback' status for months because the promised date was never recorded.,Delayed or missed customer contact reduces recovery speed and increases preventable leakage.,High,callback control not enforced,3,SN-007; SN-011; SN-053
Nothing enforces a follow-up,Catherine Frost,Data Analyst,We lose at least 20% of follow-ups because they fall between shifts and no one owns the handoff.,Delayed or missed customer contact reduces recovery speed and increases preventable leakage.,High,handoff ownership gaps,1,SN-040
Status reports cannot be trusted,Ms Andrea Lamb,Collections Agent,The data quality is so poor that we stopped running management reports altogether.,"Leaders cannot trust performance numbers, weakening planning, forecasting, and governance decisions.",High,management reporting is unreliable,4,SN-012; SN-048; SN-070; SN-080
Status reports cannot be trusted,Andrea Hunt,Finance Analyst,"Status updates do not capture why a case changed state, only that it did.","Leaders cannot trust performance numbers, weakening planning, forecasting, and governance decisions.",High,status semantics are inconsistent,4,SN-056; SN-085; SN-111; SN-122
Status reports cannot be trusted,Simon Burns,Compliance Liaison,We need to measure whether this is better before we commit to rolling it out.,"Leaders cannot trust performance numbers, weakening planning, forecasting, and governance decisions.",High,measurement baseline is weak,3,SN-043; SN-088; SN-098
Status reports cannot be trusted,Katherine Taylor-Evans,Finance Analyst,We have never measured how often a case comes back because we have no way to track it.,"Leaders cannot trust performance numbers, weakening planning, forecasting, and governance decisions.",High,activity evidence is incomplete,3,SN-026; SN-073; SN-123
Customers cannot see or settle their own case,Diana White,Collections Agent,Customers go through the contact process multiple times because we have no way to prevent re-contact.,Customer friction and confusion lower resolution rates and undermine portal adoption.,High,customer journey is unclear,7,SN-028; SN-032; SN-035; SN-037; SN-044; SN-063; SN-094
Customers cannot see or settle their own case,Tracy Field,Systems Administrator,Some customers will do anything if given the chance to manage this themselves.,Customer friction and confusion lower resolution rates and undermine portal adoption.,High,self-service channel fit is uneven,6,SN-005; SN-009; SN-017; SN-082; SN-099; SN-108
Customers cannot see or settle their own case,Amina Rahman,Compliance Liaison,Customers respond well when they have control and transparency about what they owe.,Customer friction and confusion lower resolution rates and undermine portal adoption.,High,customers lack clear case visibility,4,SN-001; SN-047; SN-065; SN-081
Customers cannot see or settle their own case,Daniel Okoye,Finance Business Partner,Customers call back three times because they do not remember what they were told on the first call.,Customer friction and confusion lower resolution rates and undermine portal adoption.,High,assisted journey causes repeat contact friction,2,SN-002; SN-036
Risky cases are not separated from straightforward ones,Sylvia Turner,Operations Analyst,We have no way to tell whether a customer is genuinely unable to pay or simply avoiding contact.,Inadequate triage raises complaint risk and compliance exposure in sensitive edge cases.,Medium,risk attribution and decisioning is unclear,4,SN-006; SN-014; SN-042; SN-055
Risky cases are not separated from straightforward ones,Mr Martyn Akhtar,Operations Analyst,I cannot recommend automating anything until I see that it will not create new compliance risks.,Inadequate triage raises complaint risk and compliance exposure in sensitive edge cases.,Medium,risk governance gating is unresolved,3,SN-019; SN-060; SN-120
Risky cases are not separated from straightforward ones,Peter Chambers,Customer Service Lead,We cannot automate the decision about whether a customer is genuinely in hardship or just dodging contact.,Inadequate triage raises complaint risk and compliance exposure in sensitive edge cases.,Medium,vulnerability/hardship triage is weak,3,SN-041; SN-054; SN-069
Risky cases are not separated from straightforward ones,Simon Burns,Compliance Liaison,We do not have a way to identify which cases are straightforward versus which require specialist handling.,Inadequate triage raises complaint risk and compliance exposure in sensitive edge cases.,Medium,specialist versus routine separation is weak,1,SN-039
Agents and managers may not adopt it,Jacqueline Norris,Operations Analyst,We need to fix the fundamentals before we can build anything new on top.,Low adoption risk can erode expected benefits even if technical delivery succeeds.,High,frontline readiness and alignment risk,9,SN-030; SN-034; SN-058; SN-064; SN-068; SN-076; SN-089; SN-095; SN-125
Agents and managers may not adopt it,Daniel Farmer,Finance Analyst,"Some agents have been doing this for so long they are faster than the system, and they will resist change.",Low adoption risk can erode expected benefits even if technical delivery succeeds.,High,change trust and fear barriers,4,SN-018; SN-084; SN-090; SN-097
Agents and managers may not adopt it,Gareth Evans,Senior Collections Team Leader,Leadership approved the roadmap five years ago and never came back to debt recovery.,Low adoption risk can erode expected benefits even if technical delivery succeeds.,High,leadership follow-through and sponsorship risk,3,SN-004; SN-051; SN-074
Agents and managers may not adopt it,Andrea Hunt,Finance Analyst,"If self-service reduces agent workload, that headcount saving needs to be real, not theoretical.",Low adoption risk can erode expected benefits even if technical delivery succeeds.,High,benefit definition and proof are misaligned,2,SN-031; SN-071
